{
  "model": "resnet50",
  "image_size": 224,
  "val_accuracy": 0.9768966593818296,
  "precision": 0.9770338959488954,
  "recall": 0.9768966593818296,
  "f1_score": 0.9765914724535416,
  "inf_sec_per_img": 0.05546835047209445,
  "conf_matrix": [
    [
      421,
      2,
      1,
      0,
      0,
      0,
      2,
      0,
      0,
      0
    ],
    [
      4,
      167,
      14,
      1,
      5,
      1,
      6,
      0,
      2,
      0
    ],
    [
      0,
      1,
      380,
      0,
      0,
      0,
      0,
      0,
      0,
      1
    ],
    [
      0,
      0,
      1,
      187,
      0,
      1,
      0,
      0,
      0,
      1
    ],
    [
      1,
      2,
      1,
      2,
      344,
      0,
      3,
      1,
      0,
      0
    ],
    [
      0,
      0,
      0,
      0,
      0,
      328,
      6,
      0,
      1,
      0
    ],
    [
      0,
      1,
      1,
      0,
      4,
      0,
      273,
      1,
      0,
      1
    ],
    [
      1,
      0,
      0,
      0,
      0,
      2,
      0,
      639,
      0,
      0
    ],
    [
      0,
      0,
      0,
      0,
      2,
      0,
      1,
      0,
      72,
      0
    ],
    [
      0,
      0,
      0,
      0,
      0,
      0,
      0,
      0,
      0,
      318
    ]
  ],
  "class_report": {
    "Tomato_Bacterial_spot": {
      "precision": 0.9859484777517564,
      "recall": 0.9882629107981221,
      "f1-score": 0.9871043376318874,
      "support": 426.0
    },
    "Tomato_Early_blight": {
      "precision": 0.9653179190751445,
      "recall": 0.835,
      "f1-score": 0.8954423592493298,
      "support": 200.0
    },
    "Tomato_Late_blight": {
      "precision": 0.9547738693467337,
      "recall": 0.9947643979057592,
      "f1-score": 0.9743589743589743,
      "support": 382.0
    },
    "Tomato_Leaf_Mold": {
      "precision": 0.9842105263157894,
      "recall": 0.9842105263157894,
      "f1-score": 0.9842105263157894,
      "support": 190.0
    },
    "Tomato_Septoria_leaf_spot": {
      "precision": 0.9690140845070423,
      "recall": 0.9717514124293786,
      "f1-score": 0.9703808180535967,
      "support": 354.0
    },
    "Tomato_Spider_mites_Two_spotted_spider_mite": {
      "precision": 0.9879518072289156,
      "recall": 0.9791044776119403,
      "f1-score": 0.9835082458770614,
      "support": 335.0
    },
    "Tomato__Target_Spot": {
      "precision": 0.9381443298969072,
      "recall": 0.9715302491103203,
      "f1-score": 0.9545454545454546,
      "support": 281.0
    },
    "Tomato__Tomato_YellowLeaf__Curl_Virus": {
      "precision": 0.9968798751950078,
      "recall": 0.9953271028037384,
      "f1-score": 0.9961028838659393,
      "support": 642.0
    },
    "Tomato__Tomato_mosaic_virus": {
      "precision": 0.96,
      "recall": 0.96,
      "f1-score": 0.96,
      "support": 75.0
    },
    "Tomato_healthy": {
      "precision": 0.9906542056074766,
      "recall": 1.0,
      "f1-score": 0.9953051643192489,
      "support": 318.0
    },
    "accuracy": 0.9768966593818296,
    "macro avg": {
      "precision": 0.9732895094924775,
      "recall": 0.9679951076975047,
      "f1-score": 0.970095876421728,
      "support": 3203.0
    },
    "weighted avg": {
      "precision": 0.9770338959488954,
      "recall": 0.9768966593818296,
      "f1-score": 0.9765914724535416,
      "support": 3203.0
    }
  }
}